createdAt,userName,userLocation,text
Thu Mar 11 09:39:49 +0000 2021,Tangerine Lights,Australia,"RT : 86,000 Australians have now received the Covid vaccine. Thatâ€™s 86,000 more than under any Labor government since federaâ€¦"
Thu Mar 11 09:39:49 +0000 2021,theveindoc,UK,It seems legal action is being taken against me for protecting my staff and others by refusing an appointment for aâ€¦ 
Thu Mar 11 09:39:49 +0000 2021,GRAZZIELLA FERNANDEZ,,"RT : Este miÃ©rcoles fallecieron 12 personas con diagnÃ³stico positivo de COVID-19.

"
Thu Mar 11 09:39:49 +0000 2021,moya,"Preston, England",RT : Here we discuss the Israeli/Pfizer â€˜eerimentâ€™. We try to understand why Israel Covid death doubled in just 2 months of mâ€¦
Thu Mar 11 09:39:49 +0000 2021,Slimm Jimmy,statehouse,"RT : Bundles zimeniishia ikabidi nitop up airtime using  
Namenda kwa;
â­•Lipa Na mpesa
â­•Paybill 966966
â­•Acc no. (4â€¦"
Thu Mar 11 09:39:49 +0000 2021,Andrew Hart,London,  JUST OUT - *DENMARK SUSPENDS ASTRAZENECA VACCINE OVER BLOOD CLOTS CONCERNS
Thu Mar 11 09:39:49 +0000 2021,Lesley Miller,UK,Everyone has a right to know the answers to these important questions - we need to be in a position to take up a vaâ€¦ 
Thu Mar 11 09:39:49 +0000 2021,YOONGI DAY* à©ˆâ€§â‚ŠËš,,RT : Girls don't want boys. They want the covid vaccine and a nice apartment
Thu Mar 11 09:39:49 +0000 2021,Dark Watcher!,Sunny caribbean! Puerto Rico,"RT : AÃ±ado a este excelente ğŸ§¶ 

La â€œinmunidad de rebaÃ±oâ€ se alcanza cuando se observe reducciÃ³n de contagios. 

El % requeridoâ€¦"
Thu Mar 11 09:39:49 +0000 2021,Prem,,RT : Happy to share that my mother has taken the first dose of the COVID-19 vaccine today. I urge everyone to help and motivatâ€¦
Thu Mar 11 09:39:49 +0000 2021,Sona Kumari (BJP)ğŸ‡®ğŸ‡³,,RT : Happy to share that my mother has taken the first dose of the COVID-19 vaccine today. I urge everyone to help and motivatâ€¦
Thu Mar 11 09:39:50 +0000 2021,shasha loves iz*one ,she/her  // minor,i will never forgive covid for making izone doing their last stage without wizone
Thu Mar 11 09:39:50 +0000 2021,Gianni Schicchi,Di solito sto seduto,  Hai appena citato un medico che sta per essere radiato dall'albo dei medici francesi. Seconâ€¦ 
Thu Mar 11 09:39:50 +0000 2021,ã¯ã‚‹,,"RT : 

ç•ªçµ„åˆæŠ«éœ²ï¼
SixTONESã€ŒCoffee &amp; Creamã€
Snow Manã€Œãƒ•ã‚¡ãƒ³ã‚¿ãƒ¼ãƒŠãƒ¢ãƒ¼ãƒ¬ã€

ã‚¸ã‚§ã‚·ãƒ¼ãŒã€ŒSmile ã€ã‚’ç†±å”±ï¼
King &amp; Prince ã€ŒKing &amp; Prince, Queen &amp; Princâ€¦"
Thu Mar 11 09:39:50 +0000 2021,Elma Quinon,,"RT : se dan cuenta que si dormimos TODOS por dos semanas, el covid se acabaria? Yo estoy fdb"
Thu Mar 11 09:39:50 +0000 2021,geckowrangler,On Gaibul/Jarrowair country.,RT : 's latest scam seems premised on the  notion that airfares were the major obstacle to travel. The realiâ€¦
Thu Mar 11 09:39:50 +0000 2021,ã¿ã¤ã“,kaneki,"jusme nakakawala si snow, pinaghabol nya munako sakanya bago sya mag pakarga omaiiiğŸ¤§ğŸ¦®"
Thu Mar 11 09:39:50 +0000 2021,elon musk hate account,he/him scotland,RT : this shit is awful man. 
Thu Mar 11 09:39:50 +0000 2021,Andrea Di Turi,Italia," -8âƒ£

 March 19
 worldwide 
 
 

â€¦ "
Thu Mar 11 09:39:50 +0000 2021,Luigi,JÃ¶tunheim," Thats actually true lmao, but trust me when i say, ppl have themselves to blame if we end up in a fourthâ€¦ "
Thu Mar 11 09:39:50 +0000 2021,Er Rajan Bondre,,RT : à¤…à¤°à¥‡ à¤¬à¤¾à¤¬à¤¾ à¤¤à¥à¤¯à¤¾ central à¤µà¤¾à¤²à¥à¤¯à¤¾à¤‚à¤¨à¤¾ à¤•à¤¾ corona à¤šà¥€ à¤²à¤¸ à¤²à¤¾à¤µà¤²à¥€ à¤†à¤¹à¥‡ à¤•à¤¾?? à¤•à¤¿ mpsc à¤µà¤¾à¤²à¥à¤¯à¤¾à¤‚à¤šà¤¾ immune system à¤¬à¥‡à¤•à¤¾à¤° à¤†à¤¹à¥‡?? à¤¨à¥‡à¤¹à¤®à¥€ corona à¤šà¤‚ à¤•à¤¾â€¦
Thu Mar 11 09:39:50 +0000 2021,Noticiero de Verdad Â®,USA ğŸ‡ºğŸ‡¸,RT : Los cuerpos policiales y militares son mÃ¡s letales que la Covid-19 en Venezuela  por 
Thu Mar 11 09:39:50 +0000 2021,Ciaran Mc Clean,"Sixmilecross, Northern Ireland","RT : ""There are factories lying idle around the world that can't produce the vaccine because patents don't allow them to""â€¦"
Thu Mar 11 09:39:50 +0000 2021,NARESH GOUR,,RT : Happy to share that my mother has taken the first dose of the COVID-19 vaccine today. I urge everyone to help and motivatâ€¦
Thu Mar 11 09:39:50 +0000 2021,Sn,91Line ç¤¾ä¼šäºº é–¢è¥¿ä½ã¿/,Snow Manã®8æ™‚9æ™‚10æ™‚â€¦ã®ã‚„ã¤ã•ã„ã—ã‚‡ã¯ãªã‚“ã˜ã‚ƒã“ã‚Œã¦æ€ã£ã¦ãŸã‘ã©ä»Šã§ã¯ãªã‹ãªã‹å¥½ãã€‚(ç¬‘)
Thu Mar 11 09:39:50 +0000 2021,Avante PT! ResistÃªncia!,"Salvador, Brasil","RT : Bolsonaro Genocida

PoderÃ­amos ter boa parte dos brasileiros vacinados nesta hora

Eu votei em Haddad/Manuela"
Thu Mar 11 09:39:50 +0000 2021,Cherylepalmer1,,RT : New via CNN: Nonprofit watchdog group Campaign for Accountability has filed a complaint with House Ethics against 13 Republâ€¦
Thu Mar 11 09:39:50 +0000 2021,ã•ã£ã´ãƒï¸burst,,"RT : +:;;;;;;:++:;;;;;;:++:;;;;;;:+

ï¼¼\ ï¸ãƒªãƒ—æ¬„é–‹æ”¾ä¸­ï¸ /ï¼
çµµæ–‡å­—1ã¤ã ã‘ã§ã‚‚ä¼‘æ†©ã©ã†ã

2021.01.20ç™ºå£² d( D.D. *)
Snow Man3rdã‚·ãƒ³ã‚°ãƒ«
   Grandeurâ€¦"
Thu Mar 11 09:39:50 +0000 2021,æ¤ç”° æ­£,æ—¥æœ¬ ãƒãƒ¼ãƒãƒ£ãƒ«å¤§é˜ªéƒ½â†’æ±äº¬ãƒ»åå¤å±‹ãƒ»ç¦å²¡,"RT : Snow Manã€Œæ»æ²¢æ­Œèˆä¼ ZERO 2020 The Movieã€DVD/Blu-ray ã‚¸ãƒ£ã‚±ãƒƒãƒˆå†™çœŸï¼†è³¼å…¥è€…ç‰¹å…¸çµµæŸ„å…¬é–‹ï¼

  â€¦"
Thu Mar 11 09:39:50 +0000 2021,MayurPatel,,RT : Happy to share that my mother has taken the first dose of the COVID-19 vaccine today. I urge everyone to help and motivatâ€¦
Thu Mar 11 09:39:50 +0000 2021,Franklin Odwola,Nairobi,"RT : A week after we received over a million doses last of the Covid-19 vaccine from the Covax facility, only 4000 people have beenâ€¦"
Thu Mar 11 09:39:50 +0000 2021,John Williams,Wales UK,"RT : If Vaccine roll out is allowed to continue on this trajectory, what do you think will happen in a few months time whenâ€¦"
Thu Mar 11 09:39:50 +0000 2021,Gary Spence,"Hartlepool, UK","RT :   

Today marks a year since World Health Organization declared Covid-19 a pandemic

Since then moreâ€¦"
Thu Mar 11 09:39:50 +0000 2021,Arthur Peake,Edinburgh,RT : And MPs on the Public Accounts committee have concluded there is no evidence that the staggering sums spent on test and tâ€¦
Thu Mar 11 09:39:50 +0000 2021,Brenda,,RT : Our national race to the bottom.  Which state will emerge as the one that least understands: 1) Variants of concern are onâ€¦
Thu Mar 11 09:39:50 +0000 2021,John Hughes,Yellowstone National Park,"RT : Grandad recently lost his job and my granny is furloughed due to covid, anyone know any supermarkets, nightshift places lookiâ€¦"
Thu Mar 11 09:39:50 +0000 2021,ã‚¿ãƒ¼ãƒœãã‚“,,"RT :  

ã‚·ã‚§ãƒªãƒ¼ãƒ»ãƒ†ãƒ³ãƒšãƒ‹ãƒ¼åŒ»å¸«ï¼šäººå£å‰Šæ¸›COVIDãƒ¯ã‚¯ãƒãƒ³ã¯ã©ã®ã‚ˆã†ã«3ï½6ãƒ¶æœˆã§åŠ¹ãå§‹ã‚ã‚‹ã‹ã€‚"
Thu Mar 11 09:39:50 +0000 2021, (Mehari),,"    

 â€¦ "
Thu Mar 11 09:39:50 +0000 2021,Ayush jain,à¤‡à¤‚à¤¡à¤¿à¤¯à¤¾,RT : Either the PM has a sense of humour or the joke is on India
Thu Mar 11 09:39:50 +0000 2021,Beverly Hill,Texas,Whatâ€™s in the $1.9 trillion COVID relief bill Congress just passed 
Thu Mar 11 09:39:51 +0000 2021,Fhersol,,"RT : Paid a courtesy visit to Archbishop Gabriele Giordano Caccia, Permanent Observer of Holy See . Was great 2 finally sitâ€¦"
Thu Mar 11 09:39:51 +0000 2021,"Faculty of Arts, Humanities & Social Sciences","Cambridge and Chelmsford, UK","RT : In line with government guidance, we're asking all students on campus for face to face teaching to undergo regular asymptâ€¦"
Thu Mar 11 09:39:51 +0000 2021,_JACK_,"Eivissa, Spain",Naik balik kes ...
Thu Mar 11 09:39:51 +0000 2021,NETTA ROSE,, Good morning Eddie I want to take a moment in Remembrance of those who loss their lifeâ€™s due to this vâ€¦ 
Thu Mar 11 09:39:51 +0000 2021,Yoka Gillaurence,,"RT : Les  sont ils vraiment CONS ?
    â€¦"
Thu Mar 11 09:39:51 +0000 2021,Ian Hewlett,Warwickshire," trying to cancel appointment for COVID vaccination online and system not working.

Being trying since last Sâ€¦ "
Thu Mar 11 09:39:51 +0000 2021,Oliver   ,"Newcastle Upon Tyne, England","Another Tory policy debacle? (But we did warn them ...)
""Seven schools hit by Covid cases just days after reopeningâ€¦ "
Thu Mar 11 09:39:51 +0000 2021,Dharmin Patel,à¤­à¤¾à¤°à¤¤,RT : Happy to share that my mother has taken the first dose of the COVID-19 vaccine today. I urge everyone to help and motivatâ€¦
Thu Mar 11 09:39:51 +0000 2021,Leslie Ayala,"Santiago, Chile","La fuerte alza de internados Covid en camas UCI en las regiones Metropolitana, de Coquimbo y Oâ€™Higgins en el inicioâ€¦ "
Thu Mar 11 09:39:51 +0000 2021,Carlita,ViÃ±a del Mar,RT : Â¿Ya conoces los laboratorios donde puedes obtener descuentos en pruebas de COVID-19? Al Ingresar en 
Thu Mar 11 09:39:51 +0000 2021,The Book I Read,Tangerang ,"RT : Pfizer menuntut negara pengguna vaksinnya utk menjaminkan aset negara seperti cadangan dana di bank, pangkalan militer dâ€¦"
Thu Mar 11 09:39:51 +0000 2021,Kate Cowan,"London, UK",A great list of research projects developing here - any more to add?
Thu Mar 11 09:39:51 +0000 2021,Nabby,"Kampong Gajah, Perak","RT : Tahniahlah Khairy Jamaluddin atas tuba yang dibalas kepada frontliner ni. 

"
Thu Mar 11 09:39:51 +0000 2021,David Curtis,"Crete, Greece","Fat-shaming! Healthy at any size! ... and all that s*it.

CDC: Obese adults at higher risk for hospitalization, deaâ€¦ "
Thu Mar 11 09:39:51 +0000 2021,Ian Larson,,"The pandemic has strained even rich, coordinated health systems. Syriaâ€™s is neither. 

 assesses pandemiâ€¦ "
Thu Mar 11 09:39:51 +0000 2021,Brian Madore,,"RT : Good Thursday morning! 

Coming up on the  Morning Show: 

- Covid briefing 

-   6:20 

- â€¦"
Thu Mar 11 09:39:51 +0000 2021,ï¾‹ï¾Ÿï½°ï¾ï½¿,,"RT : Snow Manã®ã€Œç´ ã®ã¾ã‚“ã¾ã€
æœ¬æ—¥å¤œ9æ™‚ã‚ˆã‚Šæ”¾é€ï¼

ï¸ä»Šå¤œã®ãƒ¡ãƒ³ãƒãƒ¼ï¸


ã®2äººã§ã™ï¼ãŠèãé€ƒã—ãªãï¼
ï¿¼
æ”¾é€ä¸­ã¯  ã§ãƒ„ã‚¤ãƒ¼ãƒˆã—ã¦ä¸€ç·’ã«ç››ã‚Šä¸ŠãŒã‚Šã¾ã—ã‚‡ã†ï¼
 "
Thu Mar 11 09:39:51 +0000 2021,Laura RN Child ,,RT : Stop me if you heard this one. Dr. Wu realized that the pneumonic plague was airborne and could spread person-to-person and saiâ€¦
Thu Mar 11 09:39:51 +0000 2021,a- THOT,"Accra, Ghana","RT : My next breakfast on bed,  not pills and injection,  like I'm a covid patient.  "
Thu Mar 11 09:39:51 +0000 2021,francisco caballero,,RT : Coronavirus vaccines may reduce or eliminate symptoms of long covid  
Thu Mar 11 09:39:51 +0000 2021,k short,,
Thu Mar 11 09:39:51 +0000 2021,European Dad!,Covid Hotspot,RT : 50 pupils sent home on first day after 3 pupils test positive. And in the same article it says people who carry the virus wonâ€¦
Thu Mar 11 09:39:51 +0000 2021,Lord Clunbury,"England, United Kingdom",RT : The  accused the  of banning erts to Europe where there is a desperate vaccine shortage. Searching for anyoneâ€¦
Thu Mar 11 09:39:52 +0000 2021,J Edwards,London UK,"RT : Hospital admissions: England  

â–ªï¸12th January: 3812
â–ªï¸30th January: 2615
â–ªï¸6th February: 2027
â–ªï¸16th February: 1361
â–ªï¸2â€¦"
Thu Mar 11 09:39:52 +0000 2021,tyra  LOVE or TAKE,,"RT : Shinwon: during trainee days, we really liked Noryangjin
Hui: we would secretly go at dawn. We had things like curfew. At thâ€¦"
Thu Mar 11 09:39:52 +0000 2021,LoboCordeiro,Rio de Janeiro RJ," Boa! AÃ­ so quem Ã© bonito, morre de covid!"
Thu Mar 11 09:39:52 +0000 2021,Joe Smith,"Ontario, Canada",RT : This evening Mariangela and Nick discuss continuing Our Journey with Jesus in the Desert. Holy Week and the Stations  ofâ€¦
Thu Mar 11 09:39:52 +0000 2021,Fragnar,, Werk op een IC en Ok totaal mee oneens COVID is heilig en en daardoor de IC op dat altaar is al veel teâ€¦ 
Thu Mar 11 09:39:52 +0000 2021,The Slayer ğŸ¤˜,India,RT : Happy to share that my mother has taken the first dose of the COVID-19 vaccine today. I urge everyone to help and motivatâ€¦
Thu Mar 11 09:39:52 +0000 2021,Caroline Beglinger,Biel/Bienne,"RT : Fazit -19 Gesetz Debatte: Rund 30 Minderheiten (AntrÃ¤ge, die in Kommission noch Minderheit hatten) durchgebracht: Wirtâ€¦"
Thu Mar 11 09:39:52 +0000 2021,rafael rivas,,RT : Hay presiÃ³n para reiniciar clases presenciales. Mi posiciÃ³n es que niÃ±os y jÃ³venes estÃ¡n seguros en su casa. Nadie garantizâ€¦
Thu Mar 11 09:39:52 +0000 2021,First Squawk,"London, Mumbai, Singapore",ASTRAZENECA: SHARES NOW DOWN 2.00% IN LONDON
Thu Mar 11 09:39:52 +0000 2021,Bolo,Bolo,Chiling in the woofroom w/ ma mom. ğŸ¦¥ waiting for some surprise snow days. 
Thu Mar 11 09:39:52 +0000 2021,kokkoï¸,å®ŸåŠ›ã‚’çµæ™¶ã¸ 2020.1.22DEBUT,"RT : Snow Manã®ã€Œç´ ã®ã¾ã‚“ã¾ã€
æœ¬æ—¥å¤œ9æ™‚ã‚ˆã‚Šæ”¾é€ï¼

ï¸ä»Šå¤œã®ãƒ¡ãƒ³ãƒãƒ¼ï¸


ã®2äººã§ã™ï¼ãŠèãé€ƒã—ãªãï¼
ï¿¼
æ”¾é€ä¸­ã¯  ã§ãƒ„ã‚¤ãƒ¼ãƒˆã—ã¦ä¸€ç·’ã«ç››ã‚Šä¸ŠãŒã‚Šã¾ã—ã‚‡ã†ï¼
 "
Thu Mar 11 09:39:52 +0000 2021,Bukiwe Tofile,Port Elizabeth,"RT : Don't call me if you have a car emergency. Unless you need someone to point and say ""Damn, smoke is coming out of that thingyâ€¦"
Thu Mar 11 09:39:52 +0000 2021,Akish ğŸ‡®ğŸ‡³,"Delhi, Frankfurt, Warsaw",RT : Mudi took the vaccine before his old mother articles coming in 3..2..1..
Thu Mar 11 09:39:52 +0000 2021,Prof Philip Hallam,,"RT : â€œCancer, strokes, cardiac issues and many, many more health problems are still out there, so I donâ€™t think it is too mucâ€¦"
Thu Mar 11 09:39:52 +0000 2021,Tiffany,,"RT : Itâ€™s been 48 days and Joe Biden still has not given a press conference.

The President of the United States is in severeâ€¦"
Thu Mar 11 09:39:53 +0000 2021,Mansfield Chad,Mansfield,Nottinghamshire residents aged 55 and over can now book their Covid-19 jab 
Thu Mar 11 09:39:53 +0000 2021,Global Relationships Team,Great Britain,The Methodist Church in Brazil is active in helping people - here is a recent report on their work: 
Thu Mar 11 09:39:53 +0000 2021,SigcarioğŸ‡·ğŸ‡º,Right behind you ,RT : Chernobyl hitting differently a year into COVID 
Thu Mar 11 09:39:53 +0000 2021,Amanda Shaw ,,RT : Interested to see how the  police this. In the current lockdown they seem to have been treating protest as essâ€¦
Thu Mar 11 09:39:53 +0000 2021,Jagdish,India,"RT : Pakistan will receive a free dose of the Indian-made Oxford-AstraZeneca coronavirus vaccine, which will cover 20 per centâ€¦"
Thu Mar 11 09:39:53 +0000 2021,SRamos0303,"Los Angeles, CA", Would you be able to follow up with us? Iâ€™d like to know whatâ€™s in this. Truly history almost lost withoutâ€¦ 
Thu Mar 11 09:39:53 +0000 2021,mistAke_mAnager,Seventh Sky,"RT : PakistanğŸ‡µğŸ‡°, the only SAARC country to not seek COVID-19 Vaccine from India, is getting 45 million ğŸ‡®ğŸ‡³ made vaccine Coviâ€¦"
Thu Mar 11 09:39:53 +0000 2021,Keshav,India,RT : The 7 day average COVID death rate is 1663 per day in the US &amp; 102 in India. Apparently Indiaâ€™s figures are â€œsheer luckâ€ whilâ€¦
Thu Mar 11 09:39:53 +0000 2021,ğ—•ğ—§ğ—¦_ğ—£ğ—”ğ—_ğ—¢ğ—™ğ—™ğ—œğ—–ğ—œğ—”ğ—ŸğŸ‡µğŸ‡°áµ˜áµ–áµˆáµƒáµ—áµ‰Ë¢ã‚·ï¸,Pakistan,"RT : I want the whole industry to remember that this dropped in NOVEMBER, with 1 version and 8 songs , at $50. Speak to themâ€¦"
Thu Mar 11 09:39:53 +0000 2021,stuart read,UK,"BBC News - Covid fallout 'undermining nature conservation efforts'

"
Thu Mar 11 09:39:53 +0000 2021,Conor Lally,clally.com,  But it's not approved in Europe so we'd literally have to abandon our normal medical sâ€¦ 
Thu Mar 11 09:39:53 +0000 2021,AJM Summers,,"RT : Trouble on a train? Spotted something that looks suspicious at a station? You can text  on 61016 to alert them.

ï¸ In anâ€¦"
Thu Mar 11 09:39:53 +0000 2021,I Will Always  Monsters,"Under Your Bed, BOO","RT : 0 Republicans voted for the $1.9 trillion Covid relief bill.

278 Republicans voted for Trumpâ€™s $1.9 trillion tax cut for corpâ€¦"
Thu Mar 11 09:39:53 +0000 2021,michal beit halachmi ,,RT :  halts the use of the   vaccine due to serious cases of blood clots reported in people wâ€¦
Thu Mar 11 09:39:53 +0000 2021,Arjuna Cecchetti,,"RT : Lâ€™87% dei morti per  ha piÃ¹ di 70 anni.
Invece di tutelare quella fascia per esempio con tamponi domiciliari - ma senzâ€¦"
Thu Mar 11 09:39:53 +0000 2021,M.SAIFULLAH,KUALA LUMPUR,"RT : COVID-19 in Malaysia : Numbers at a Glance as of 11th March 2021, 12 pm



 "
Thu Mar 11 09:39:53 +0000 2021, NgangağŸ‡°ğŸ‡ª,Nairobi,"    Hey, be patriotic!!! we gave MCAs 4 billion, we are borrowing 5 bâ€¦ "
Thu Mar 11 09:39:53 +0000 2021,ã‹ã·ã‚Šã™ã®æ‹…ã•ã‚“ãƒªãƒ—ã©ã†ã,é‹å‘½ã•ãˆè¶…ãˆãŸå¤¢ã‚’æ´ã¿ã«è¡Œã“ã†ï¼Hey Grandeurï¼,"RT :  REQUEST   

*:.ï½¡Snow Man
ã€€ã€€ã€€ã€€ã€€ã€€  ï¸
ã€€ã€€ã€€ã€€ã€€ã€€ã€€Grandeurï½¡.:*

ãƒŠãƒŸãƒ€ã®æµ·ã‚’è¶Šãˆã¦è¡Œã‘/Big Bang Swâ€¦"
Thu Mar 11 09:39:53 +0000 2021,ã•ã£ã´ãƒï¸burst,,"RT : ğŸ¥¤ã‚¹ãƒæ‹…ã•ã‚“å‘ã‘ä¼‘æ†©æ‰€
ğ“§ğ“§ğ“§ğ“§ğ“§ğ“§ğ“§ğ“§ğ“§ğ“§ğ“§ğ“§ğ“§ğ“§ğ“§ğ“§ğ“§ğ“§

ã‚¹ãƒæ‹…ã•ã‚“ã«ãƒªãƒ—æ¬„ã‚’è§£æ”¾ã—ã¦ã„ã¾ã™
ãƒªã‚¯ã‚¨ã‚¹ãƒˆä¼‘æ†©ã‚„å¯¾ç­–ã«ã©ã†ã
FFå¤–ã‹ã‚‰ã‚‚ã°ã‚“ã°ã‚“ï¼¯ï¼«ã§ã™ï¼ï¼

Snow Man | Grandeur | ãƒŠãƒŸãƒ€ã®æµ·ã‚’è¶Šãˆã¦è¡Œâ€¦"
Thu Mar 11 09:39:53 +0000 2021,Hunna ,SLC | CHI,RT :   Iâ€™m a hospital admin. In a red State. I got mine through work but many of my friends have doneâ€¦
Thu Mar 11 09:39:53 +0000 2021,Sahil,London,"RT : This doesn't help though! What does ""zero tolerance"" mean given we could, in theory, lockdown all year? What does ""lowest possibâ€¦"
Thu Mar 11 09:39:53 +0000 2021,Varsha Keswani,"   à¤—à¥‹à¤‚à¤¦à¤¿à¤¯à¤¾, à¤­à¤¾à¤°à¤¤",RT : Happy to share that my mother has taken the first dose of the COVID-19 vaccine today. I urge everyone to help and motivatâ€¦
